id,full_conversation,m_understood,m_validated,m_affirmed,m_seen,m_accepted,m_caredfor,m_emotional,m_practical,m_motivation
63fb73b8e64f455117b045b9,"Seeker: So I'm trying to convince my father who's 87 years old that he needs to use a walker or a wheelchair to get around. Because without that, he's always at risk of falling and injuring himself severely. My dad is very stubborn. He doesn't want to be told what to do and he doesn't want to feel like he's dependent. So how to convince him to use a walker or the wheelchair is a situation that I'm currently dealing with, that's giving me a lot of frustration.

Supporter: You need to talk to your father from a place of understanding, and let him know that you understand how hard it is to give up the freedoms he's enjoyed his entire life. However, he also has a very loving family that is very worried about him, and doesn't want to see him fall and get hurt (or worse). Tell him that him using a walker isn't so much about loosing his independence, it's easing the worries of those who care about him.",1,2,2,2,2,3,1,7,5
6361560a2e3e691ad312fed2,"Seeker: A complex situation that I'm currently dealing with is trying to figure out how to deal with my credit card debt. I have about $9000 in credit card debt and I am not doing a good job with lowering it, but I instead seem to be adding to it. I have a problem with impulsive purchases and always feeling like the need to buy more, which is something that I'm really struggling with and I'm not sure how to address it. I think the biggest issue with that be that I need to really get to the root of what makes me spend and so that I can figure out how to stop because having this credit card debt is embarrassing and um a source of negative emotions.

Supporter: I understand you have no self control and will allow your finances to control you instead of controlling them. You should be embarrassed because it is not spending out of need but out of want. Cut up your cards and pay your bills.",1,1,1,1,1,1,1,6,1
5c5b9ed5cdae0e0001c1b261,"Seeker: I currently have a substance abuse problem and I'm trying to beat it, but it's very hard and I don't have a lot to really make me wanna get clean anymore. My life sucks and I just don't really feel like there's a point to it anymore.

Supporter: I understand that you are trying to overcome a substance abuse problem but you find it very hard and are having trouble finding a reason to persevere. 
",4,3,4,4,4,3,2,1,2
5f81ead00afba52e71dcf414,"Seeker: I had a professional, moral problem. I was in upper management and I found out that the company was about to be sold. A lot of people were gonna lose their jobs. But I was told that if I kept my mouth shut and stayed until the sale, I would get an 80% a bonus from my salary. I lived with it for as long as I could. And then I found them starting to really employ, uh, refer to the employees as numbers in departments instead of as individuals. And that went a little too far with me. I knew that they were going to eliminate whole departments of good people and they wanted to blindside them. I couldn't allow that to happen. I decided to risk the 80% bonus and I started teaching people how to do their, uh, resume so that they can apply for another job. I also help people get other jobs in the end. I did stay until the sale. I did get my 80% bonus. They were very upset that I was telling the employees, but I was in such a position that it was a catch 22 for them. If they got rid of me, then everybody was gonna find out anyway. And if they kept me that maybe the, the place would keep running until the cell shortly after the sale, 90% of all the employees were terminated. I retired at 60 a half. So it cost me quite a few years of income. But in the end I'm satisfied with what I did.

Supporter: That's a really tough situation, and not a lot of people would have responded the same way you did. You did the right thing. You helped a lot of people, even though it was stressful for you, since you weren't sure if you'd get fired and/or lose the bonus. You did a good thing.",6,7,7,6,7,7,7,1,4
5e1c71e9114df8000dddf2d6,"Seeker: So, for now I'm struggling with whether or not I should go to grad school. I'm not doing so well on the standardized test. Um, like the G A but like, it's something I really wanted to do. So now I'm thinking if it's, it worth the money, um, would I be any good in it? You know, like, are the benefits gonna outweigh the cost to me? Because it's really expensive and it does take a toll on you to go to grad school. So, yeah.

Supporter: I hear that you're saying that you are considering graduate school, but you are struggling with the standardized tests. I would weigh the pros and cons of this situation - will you be able to find a better job because of it? Will that new role bring you joy? Will it bring you financial security? Will you make enough money to pay off the loans? 
",4,3,3,2,3,3,1,6,4
629531cb501e6d23d9797050,"Seeker: Uh Yes. So, uh I'm dealing with a uh a, a complex issue uh at work. Um Really, it's just how to proceed with the project. Um There's a request to uh build out a product uh that would be used internally in the system. Um The only issue is is that the system's being rewritten at the same time. Um So it's gonna look totally different in uh about uh 18 months. So the, uh the issue is, uh do we wait 18 months and then build out the actual product? Do we spend the next 18 months making that as good as possible or do we spend three or four months coming up with a minimum viable product that we're just gonna have to totally redo once we move into the new system? And if so, um what are the pros and cons of that? What do we build into that? Um How does that impact the final product once you move it into the new system? So it's a lot going on. It, it really just comes down to do, we want to spend a ton of time and money building something that we're only gonna be using for less than a year or, um, do we come up with some other solution that may not work as well? But we can get out quicker, uh, and then shift to building out a good, like the best product we can build once we move into that new system.

Supporter: I would be happy to give you advice with your work project. I would look into how much work it will take to rebuild the product in a couple of months once the new system is built out and the cost. Based on that information it might be best to not build out their product it is going to cost you more of your time and money to do so. If not then go ahead and build them a temporary fix and let them know the details of what is going on and you appreciate their business.",1,1,1,1,1,1,1,7,3
63386e75b02c4d7013c1198b,"Seeker: I live on a face face program. And recently an older gentleman who was staying here has decided to leave 72 years old, nine gray shape left with no plan, no idea, no exact knowledge of where he's going. Other than telling the cabby, take me to the nearest hotel man had really no reason to leave. He was just being required to bathe and change colors. He chose to leave. We're hoping that he comes back. Well, he's not a bad guy. He really didn't have any reason to leave. There was absolutely nothing bad going on here. But yeah, it's a complex situation and he's a grown man at 72 and capable of still making his choices, even if somewhat, physically, more feeble but not incapacitated. So, yeah, that's the uh, odd situation that I'm dealing.

Supporter: Thank you for sharing your story and situation that you're dealing with. I can understand your sense of worry for others. and especially those that appear to be more vulnerable. I commend you on your caring trait. It is hard sometimes in life when you care but also feel helpless to be able to do anything. But don't feel discouraged and continue to be a caring person. the world needs more people like you.We're all on this planet to help one another.",5,6,7,5,6,6,6,1,5
6390fd9157f0dc14e247a0d6,"Seeker: My complex situation that I am currently grappling with is addiction. I've been an opiate addict since 1994 and it used to be a lot worse than I am now. Actually, I was on the streets during the nineties. Um, you know, doing heroin daily committing crimes to get money, you know, prostitution, all that stuff in 2000, in 2001, I got on methadone and things cleared up. You know, I stayed on methadone. I got a job, I became somewhat normal person for like almost 10 years and then I had a relapse was starting to do opiates again on top of the methadone. And now years later I still am dealing with that issue. I'm still on methadone, but I'm using fentaNYL on top of it. So it's, um, extremely hard issue to deal with. I've tried several times to break free from this. I've been in several facilities.

Supporter: Hi,
I would suggest working with a dietitian in order to first determine what nutrients that your body might be missing. Then you can figure out a plan of action by taking a combination of vitamins and foods that also provide the vitamins and other nutrients that your body is probably low in. If you maintain the Mediterranean diet, your drug addiction issues might disappear. I would also recommend using chocolate products to help you step down from using drugs. I've heard it shares the same origin as cocaine and thus would be considered a legal ""non-drug, drug"".

Good luck.",1,1,1,1,1,1,1,7,3
57e7bb4e73e67300012b8e2a,"Seeker: The question I'm grappling with is whether I should include my stepfather in my life. And he's been my stepfather for 23 years. Uh, my mother married him two years after my father passed away. And, uh, we've had a cordial relationship, um, mostly respect and I could really see the reason why my mother loved him. Um, I never was as close to him as I was my father. But I mean, I felt like that we were friends anyway. Uh, however, we did kind of go sour when my mother passed away. Uh, I'm not gonna even go into all that. It's a long story. But let's just say I had some, um, some bitterness about things that happened when she passed and she passed away in October of last year. Well, after she passed away, he became sick with COVID and then he had to have surgery and he was in the hospital for about a month and a half total. And I really tried to set aside my feelings and help him out because he really didn't have anybody else in the world. All his other family is gone. And, um, anyway, I felt like I was just gonna go ahead and keep trying to take care of him as much as possible. However, three months after my mother passed away, he called me one day to tell me he just married this woman and it's a woman who is 70 years old and he's 85. So, um, of course, I know exactly why she wanted to marry him more than likely. It's because she wants to get the house and this is a house that my father paid for. But, you know, that's all here. That's neither here or there. But my whole thing is I felt like it was such a disrespect, not only to the fact that my mother just passed away three months before, but he didn't introduce this woman to me or any of my other family and it just felt very disrespectful and like he didn't really care about us at all. So, um, the thing is he is my son's grandfather and he is contacting me like, well, why don't you ever come see me anymore? And I did tell him that I did not, I mean, I told him straightforward exactly my feelings about everything. But I also have this deep feeling that maybe I should forgive him and go see him. That that's what my mother would want me to do. So that's a question that I'm grappling with

Supporter: If he helped raise you and treated you well, you could include him in your son's life, even if you don't need to maintain a greater relationship with him. At 85, there may not be much time for you son to know his (step) grand father.",1,1,1,1,1,2,1,5,2
5fc3d41149c0c8728f07b95b,"Seeker: Something that I'm, uh, grappling with right now is a personal matter where my girlfriend left me and it doesn't feel like we fully left each other. We still see each other once or twice a week. I tried seeing somebody else and thankfully to me, thankfully they canceled because it felt like I was cheating on my ex partner and I don't really know what to do. My relationship with my ex wasn't the best but not. Well, sometimes it was, we were together for 9.5 years and I don't know what to do to try to be with her again or to see somebody else, which will, which causes me a lot of anxiety. Uh I don't like meeting other people. So now I'm just stuck and there's no one to really talk to it about because everyone will just say not to go back with my ex. She moved out now I'm all alone and it is very lonely, but I felt lonely with her for years because something changed about her. But since she broke up and when we hang out once a week, she seems like how she used to be. She seems great. Maybe we just shouldn't live together. It's a lot of things to think about and I don't know what the right answer is. Either way. I'm very unhappy. I don't know what to do about it.

Supporter: It's always hard when you have a relationship it starts out great and then sort of gets lost I guess it's the right word. It's great to be able to go out with your ex once in a while and experience what you once had, but you'll never be able to move on until you let go of what you had before. If she didn't really want to break it off she would not have moved out you sound like a good person and should consider moving on.",2,2,2,2,2,2,2,5,3
632e9aa62793c18a857aece4,"Seeker: Right now, I am struggling with, uh, a job that is not necessarily guaranteed for me. It's coming up next month, but I might need to get a job before that and I'm struggling with whether to get a job in the meantime or wait out for a job that I want. But I possibly might not get, I, uh, I have no income coming in right now. So it's, it's a struggle getting by and I don't know if I should wait for that new job or just go out and get something different in the meantime.

Supporter: That must be a difficult decision, to continue looking for a job or just wait for a job that may fall through. Does to continue looking somehow lessen your chances of getting the job that you want? Will you learn something soon that might make the decision easier? Anyway, I wish you the best of luck.
",4,4,5,4,4,4,3,1,4
63d455d193df3edfdfa6529f,"Seeker: So I'm um in this position at work where as part of my job, I help with the hiring process. And at this time, one of the openings happens to be the role for my boss and um my grand boss who's helping me with it is pretty new to the company. So he doesn't, he's not really familiar with our processes and we have a couple internal candidates. Um They're both colleagues of mine. One of them I would love to see in the role, one of them not so good and my grand boss because he's new, he doesn't really know of the history and I need to stay neutral. Um Well, also I don't want him to uh fill this role with somebody who would not um who has kind of a negative history with the company. And then there's also, you know, it's probably not even going the position, probably won't even go to either of my colleagues. Um There's a chance that my grand boss wants to bring somebody that he has a history with from outside the company that he wants to make it look like it's um an objective, um you know, fair process where we're considering everybody. And then I, um you know, and then the weird thing is, you know, this person that I'm helping through this um recruitment process, they'll end up being my boss. So whatever impression they have of me throughout this, um I'll be reporting to them.

Supporter: Wow, that sounds like a really difficult position to be in because you're balancing so many different peoples' needs and trying to maintain objectivity as well as protect yourself in the future. It sounds very complicated! Do you feel like you could still objectively explain to your grand boss why one of the candidates has a negative history with the company and wouldn't be the right fit for the role? 
",6,7,6,6,7,6,6,3,6
603fa7d057d382087d66d1c2,"Seeker: So I would say the biggest, um, interpersonal relationship I'm struggling with right now is just, um, I would say kind of not getting along with some of my family on my mom's side, uh, namely my mom, uh, she doesn't quite agree with the religious beliefs that I have and I think that it's kind of taken a toll, you know, and we definitely still get along, but it's just one of those things that we kind of agree to disagree and don't really talk about much. Um, but like, it just seems to come up in a lot of conversations and I would definitely say it's kind of been a struggle, you know, getting my voice heard and, you know, explaining why I believe what I believe and how I feel about it.

Supporter: I hear you. That must be hard. 
",6,6,5,4,5,4,4,1,2
58509fbda6946500016117ed,"Seeker: Well, I guess currently I'm dealing with, um, another employee that I work with that is trying to have control over pretty much the workplace and, like what we do, even though they don't really know what they're doing. So, for me it's a little frustrating because I know what I'm doing. Um, and it is frustrating and it's complex because this person's been there longer. But again, they don't know what they're doing. So it's a little frustrating.

Supporter: OH, MY I UNDERSTAND WHAT YOU'RE GOING THROUGH I WENT THROUGH THAT SOME 15 YEARS AGO WHEN I WORKED AT A FAST-FOOD PLACE ITS FRUSTRATING THAT YOU'RE BEING TREATED LIKE A NEWBIE I UNDERSTAND WHERE YOU'RE GOING WITH THIS COMPLETELY MAYBE IF YOU TRY TO COMMUNICATE TO THE PERSON IN A WAY YOU BOTH COME OUT BENEFITING EACH OTHER IT SEEMS TO ME YOU KNOW MORE WHAT YOU'RE DOING THEN THE PERSON WHOSE BEEN  THERE LONGER SO TRY THAT WAY FIRST MAYBE IF YOU TWO GET TO KNOW EACH OTHER MORE YOU CAN GET THROUGH THE FRUSTRATION COMMUNICATION IS ALWAYS THE KEY .",3,3,3,3,3,3,5,5,2
5dcf0b7cffc3d8063f916612,"Seeker: I'm currently struggling with a situation where I'm going to be getting medically retired from my job. Of course, this has created a lot of stress due to how expensive it is to live these days and the uncertainty of what's going forward because in my job search, I found it rather hard to get interviews, let alone offers for positions. This affects every part of my life. I'm saving as much money as I can before it happens. And every bit I meet every bit I make doesn't seem to be enough. So I'm just looking for every option to get myself out of this hole before the hole is completely dug.

Supporter: I hope that you have luck and can find some work or way to make money or find support soon. I am in a similar situation struggling to find work due to my health. It is so hard to save and job search and deal with the stress of it all on top of not receiving interview offers back. You can do it if you just keep going, trying is better than nothing at all. Remember to take care of yourself
",4,3,3,3,4,4,5,2,4
63c13fcab1eda5bbe034a17c,"Seeker: OK. So the scenario I would like to describe it's me working as a white marketing coordinator. I found myself in the midst of a complex and delicate situation that involves an ethical dilemma with far reaching consequences for my professional and personal life. In my role as a wide marketing coordinator, I am responsible for ensuring fair and legal practices in the market place. I work closely with vendors, suppliers and various stakeholders to maintain a level playing field and uphold industry standards. Recently, I have discovered evidence that one of our key suppliers has been engaging in unethical practices such as exploiting labor using child workers and disregarding environmental regulations in their manufacturing processes. The evidence I have uncovered implicates the supplier's top management and if exposed, it could lead to severe legal consequences, not only for the company but also for my own organization. On the other hand, turning a blind eye to these unethical practices would betray the very principles of responsibilities and hold D A as a coordinator. In conclusion, navigating this challenge decision as a wide marketing coordinator requires careful consideration of multiple factors, ethical principles and potential outcomes.

Supporter: Wow. You've got a weighty decision to make. Actually, have you let your company's CEO know? Considering the gravity of your discovery, it might be best if you scheduled a quick meeting with him/her and let the CEO make the decision. That's what they're paid to do, after all -- make decisions. Also, you'd be off the hook. Anyway, just a suggestion. 
",2,2,2,2,2,2,2,6,3
63d7eca29f0291aff53b003e,"Seeker: Um, a situation that I've recently, um, been grappling with was, um, I, I've been married to my husband for over 10 years but I've never been able to get him to do a budget with me to really let me know where money is and, um, you know, where it needs to go. And the other day he, like, dumped all this on me. Like we're so far behind in our mortgage. Um, we're maxed out on all our credit cards. I mean, it were broke and I don't know how to deal with it. He hasn't let me help him deal with any of it till now and now it's like I get all of it. I don't get any, I just don't know what to do.

Supporter: I totally understand how you feel. That is a really tough situation. I have also struggled with finances at times in my life. It is hard to save money and get back on your feet when you don't have much. But don't worry there are people who care about you and are there to support you. Try your hardest, see how you can increase your household income, save, and budget in a smart way, and you can achieve your financial goals.",3,3,3,3,3,3,4,5,4
63d13d00a2e69ec8e1956a07,"Seeker: Hm. Let's see. Uh, a difficult issue that I'm facing. If I had to think of something I'd probably say right now trying to find a reliable career to pursue in my, uh, age here. I'm getting older and I don't have my own place. I still stay with relatives and friends or wherever I can crash. And I'm having a hard time finding what I want to do in my life. I don't know what I'm gonna do. I can't seem to find anything to pursue. That's a reliable source of income to provide for myself. So, I don't know really what I'm doing with my life right now. I'm a little bit, you know, lost and don't have a clear path. Hm. And because of that also it comes with other problems such as not being able to have my own living quarters and not being able to purchase stuff when I need it all the time. Oh, I don't know, still gets a lot of thought and I just don't know what I'm gonna do right now.

Supporter: I see what you mean. Having a career, or even just finding a reliable job is important not only for having a reliable source of income but also for housing, for feeling secure, for being able to purchase one's needs. From what you told me, it sounds like your inability to find a good paying job is causing some stress and confusion in your life. 
",7,7,6,6,7,5,2,1,6
6428f7ac297e312f7262d93b,"Seeker: Ok. The situation I'm grappling with is my 34 year old son. He lives alone. He doesn't live with us, but he's very, very needy and he calls all the time. He's critical. He's always very, very negative and it's really hard for it not to rub off on me. And I worry about him. I mean, the whole thing is just making me sick. I think he needs to see somebody like a therapist. Um, he's got so many problems and I just feel like it's never gonna end and it's a constant drain. I don't know how long I'm supposed to talk. Um, but I'm gonna stop now and see. Wait. It says I have to.

Supporter: Wow, so sorry for the issues you are experiencing with your son.  It is so hard to break away from our children, even after they are grown.  Would it be feasible for the two of you to attend counseling together, for the first session or two and then possibly, get him going and leaning on the counselor instead of it being you all the time",3,Answer: 3,4,3,3,4,Answer: 3,5,4
614e7ad7ff5a0d785d5e550a,"Seeker: I am struggling financially because I lost all of my work contracts due to the COVID crisis. And since then, my company has not been able to get uh many contracts, um, doing delivery work. They only have a couple of drivers and I'm on the older side, I'm 66 now and I had a heart attack two years ago. And because of that, I really can't do the heavy lifting that might have gone along with that job. I'm trying to see what else I can find workwise. Um, but at this point I'd probably have to do something like an office job. I did work in computers for a couple of decades in the past, but my skills are antiquated and I would have trouble learning and dealing with, um, a lot of the new technology that's out there. So basically I need to find some type of work to supplement a little bit of money that I get from prolific, which is my only source of income. Now, luckily I'm living with a friend and so that solves my basic needs of somewhere to stay. Um, I have, uh, the only retirement funds that I have have to do with Social Security. I need to apply for that, but I also have some past due tax returns, which are pretty complex that I really can't afford to pay something to do. And I gotta figure out how to do them on my own. So overall trying to find a job where I'm not going to be, um, uh, not where I, where I will be considered rather than age discrimination will be a tough thing for me and, uh, getting my tax returns done and all, all these things so I can get my retirement funds, um, will be of a help but still none of it is perfect. I just need to get something going as quickly as I can.

Supporter: Its is really frustrating I can really sympathies with you on this unfortunate incident, but I can assure you that all hope is not lost, because this things happen to everyone but how to manage the situation and get going is important, I will suggest you look for remote jobs which could supplement your income.",2,2,2,2,2,2,3,3,2
5cb489ff0cd1ed0017465d19,"Seeker: My sister is someone who doesn't like to help themselves and expects everyone else to bend down and do everything for her, for her. But when other people don't do that, she guilt trips and uses manipulation to get them to do it for her. This is a big issue right now with, with me and my family because it's beating down my parents when they don't help her because of all how the manipulation and the guilt trip makes them feel worthless and useless because my sister uses that to make them feel bad about themselves for not helping. But the thing is my parents have been helping my sister for years and years and decades and she never does anything with it. She always gets complacent and never tries herself to better her life. She always puts this, this stress and struggle off on everyone else to do it for her. And this is causing a rift within my family. And I feel like this is becoming a problem because I'm trying to get my family to realize this and her tactics in this and what they do. This is easy for me to realize but not easy. For my parents to realize because they're very compassionate people and they do wanna help, but you can't continue to help someone when they don't want to help themselves. And then they just make you feel like a pile of crap because you don't help them. And this and this hurts me because I don't like to see my parents self esteem get shattered because the way my sister does this just because she's not willing to do it herself. And this is just, it's causing a rift between my sister and my family and just headaches and stress and frustration for everyone involved.

Supporter: This must truly suck. I don't know how I would personally deal with such a difficult situation since I know you love your sister and your parents. I have never dealt with this situation, but Ia m currently dealing with a very hard situation with my daughter. Family conflict is so hard when you just want the best for everyone involved. Have you considered obtaining assistance from an unbiased family counselor who may offers suggestion for your parents, you and/even your sister? 
",3,4,4,3,Answer: 4,4,3,4,5
62e05a40c77214b0772d5596,"Seeker: So I live on a 40 acre farm and I have a renter. They moved a travel trailer onto my place and they're in my backyard. They've been here. It'll be two years in September. Um, I lost my husband three years ago and so having a renter made sense at that time as I was sorting out my finances, um, they aren't causing me any problems. I have no reason to ask them to leave except for, I'm just starting to feel crowded by them. Um, I do have a roommate that's been with me about 16, 18 months and they available on prolific. Very well. And my renters and David have some conflict. They constantly tattle on him, complain about him. I get along terrific with David, but never, you know, he's here for the duration. Um, they, I gave him room in my pump house to store stuff and, you know, they took over a lot more of the pump house than I thought they have taken over a lot of my space in my barn. I did have their horses here. They found another spot for him without me asking. Um, they have a motor home here that they were going to live in. They never did. And it's still here. Two years later, I asked to have it moved last year and it's still here. And I'm just, I'm grappling with, do I ask them to go to? Like, not, I don't have any reason to, but it's starting just to become a little bit of a thorn in my side.

Supporter: You need to do what is best for you.  Any landlord can tell a renter to leave or not renew the renter's contract.  Renters are not friends.  If you feel that you need more space it is perfectly fine to ask them to leave.",2,1,2,1,2,2,2,6,2
5bcc2cee0ba8a400012592f9,"Seeker: Uh I know this sounds silly. Um, but it's not if you're actually going through it. Um, my girlfriends um, buys way too much food and I don't know how to approach her about it. Her saying stop buying food. Look at this fridge. It's ridiculous. There's plenty in there to eat. You don't need to go buy more food and so much goes to waste. I'm just thinking about all the money that's going to waste as I dread opening it up the fridge. So I don't know how long this is supposed to be, but this recording, I mean, but I don't know what else to say really. But that's a legit problem I'm having right now just going to money on food that we don't need. What, what do you even say about that? II, I truly don't know. I truly don't know because anything will start a fight and I'm trying to avoid that at all cost. So maybe it's a toxic relationship. But stop spending so much money on food. Please, please please Jetty, stop spending so much money on food. Yeah.

Supporter: I get what you are saying. I buy less groceries more often so that way I can waste less overall. I hope you can find a solution to this issue.
",2,2,2,2,2,2,1,3,2
5d8e64ab4e055600157a3d90,"Seeker: A complex issue that I'm currently dealing with is one of money management and just trying to learn how to handle my finances better. Um, I bought a house with my fiance a few months back and it's been a bit of an adjustment to, you know, allow for that mortgage payment to go through. That's significantly more than the rent that we previously paid. Um, and also just all of the upkeep and the many things that come up that you'll need to buy when you buy a house for the first time. So, um, and it's been tricky. I've, uh, certainly been trying my best to handle everything and to practice better saving techniques. Um, and, you know, spend less recklessly, but, um, it makes me feel stressed, it makes me feel like I don't have much control over my life. Um, but I'm trying to get a better handle on it.

Supporter: I understand how you feel, it can be very challenging jumping into something new. What might help is to try to prioritize what is most important first and focus on that. Do you need to fix something in the house like a leak? Worry about what is most important and make a list of the other things. You can't do everything at once so try not to overwhelm yourself.
",3,3,3,3,3,3,3,5,4
5bfd81fb2feab400014d9060,"Seeker: Those, a couple of things that we're grappling with right now, we are grappling with finding a house and selling a house. So we put our house up for sale in Oregon. And now we're trying to find a house in Tucson and they were gonna go look at houses and hopefully we'll find something we like. Um, it's kind of a tough situation because we haven't found our house yet.

Supporter: Finding a house to fit your needs is always a difficult process. It likely isn't going to happen overnight, as much as you are probably wanting to find it quickly, some things require patience. Some of the best things in life are worth waiting for. Your house is out there, you just have to have faith that with time and patience it will come to you. Even though you feel like you are in a tough situation now, remember that this is just a passing feeling. It isn't going to be tough forever. Try and focus on how you will be feeling once you do find that perfect home you are searching for. I promise what you are feeling now will be worth it once you are all settled in the end in your new home. 
",3,2,2,2,2,3,6,3,5
60f4e3ab507bbb123f866e88,"Seeker: Hello. So one of my cousins is in prison because he shot a guy multiple times. And um, so yeah, he's in prison. He's constantly calling me asking me for money and as we all know inflation is going on. So, you know, I'm wondering, should I send him some money or should I save the money to give my kids school supplies because school is coming up. So my paycheck is coming up and I'm wondering, should I give him some money or should I just buy my kids more school supplies for the extra money? So that's the dilemma I'm battling. I'm wondering what I should do in this situation.

Supporter: I am sorry for the situation you find yourself in through no fault of your own. In my opinion I think you should take care of your kids needs first and then if there is any money left over then send some to your cousin.
",2,3,2,3,3,2,2,7,2
639dd20ab47fd76a4fd9c2c0,"Seeker: My husband has lung cancer and I'm just, uh, he's not feeling well at all. He's become so much weaker and, um, lost so much weight and I'm just trying to deal with these circumstances but I'm just not sure how to, uh, it's just him and I, and I am. Mhm. Just beside myself. I don't know what to do. I don't know what to do to help him. Um, I want to make him happy so I try to cook good meals for him all the time and I, uh, just try to keep him happy but it's so difficult because he just feels like he's dying. And, uh, what, how do you respond to that? I don't know. I, I don't know how to respond to it. Um, I just try to be up every day but I'm not up and, uh, it's just very difficult.

Supporter: I can relate to this so much.  I lived with my mom when she got her cancer diagnosis.  She had melanoma that didn't respond to treatment.  I had to learn to take the good with the bad and try to be as supportive as I could as you went through her ups and downs.  Inside I was an emotional wreck, but I didn't want her to see it. Everything your are feeling is valid.  I think you just have to do the best you can.  Try to take it one day at a time.  Also, get support  where you can even if it's just someone to listen.
",4,3,5,4,4,5,5,3,5
6483b3662d98a34fa389dcd7,"Seeker: Yes, I have a 32 year old son that, uh, suffers from depression sometime he is, um, he gets to a saddle. Um, he used to talk to me about everything. Uh, he can, um, lately he has been in a really toxic relationship with this young lady that he has a child with. And, um, my baby boy recently told me that he got him and a young lady got into a physical fight and I'm concerned about him because they say his face is swollen and, and, you know, stuff like that. So I'm very concerned about this situation and, um, I don't know if I should call him and just bring up a, you know, another situation so he can talk to me or I should just leave it alone.

Supporter: I absolutely understand how our children will always be our babies, no matter their age, and we feel the need to protect them. As much as we feel that way, our job as parents is to teach them how to be able to stand on their own two feet, because we are not always going to be there to protect them from everything life throws at them. I know you are afraid for your son and grandson. I know that in your son's situation it's hard to see right from wrong. You should be there for him to overcome this issue, and help him get back on his feet. It sure sounds like your son also sees you as his friend, and not juts his dad.",4,4,3,4,3,3,4,3,5
638bb18e1bd657c755e5148f,"Seeker: The current situation that I'm dealing with right now is financial. It's trying to explain to my husband, uh that we have more bills coming in and not enough money to cover them each month. We end up being short. He gets, uh what do you say? Excited over it? And I try to explain, we don't have enough income to cover the bills and he just don't seem to get it. 31.

Supporter: I think it is important for you to sit down with your husband and really get your message to him. He needs to understand your feelings, as well as give him the opportunity to explain why he feels the way he does about this issue. If this doesn't work, it may be important to seek help from a professional to explain your ideas more clearly and ensure that you both are on the same page. I'm really sorry this happened to you, and I wish your husband was more understanding of your situation. I know it is difficult, and you need to take your time to process this issue. Perhaps returning to this topic a little later on would be best, and that may give him an opportunity to think about it as well.",3,3,Answer: 3,3,3,3,5,6,5
60008e2ee4d8c913c602e0cd,"Seeker: Um Right now I'm dealing with my ex-wife going through tax troubles and to help her navigate those. I have to resubmit several years' worth of tax returns and it's difficult because um it's probably going to affect me. Um A lot of those tax returns were not filed correctly. Uh These are from years we were married and um it's probably gonna end up costing me a lot of money and definitely a lot of time, but I want to alleviate her stress as much as possible. Um just in the interest of our Children and maintaining peace and that sort of thing. So, um as many details as possible, I have to go through like creates and creative of documents to basically make that happen. And um it's going to be a long process and I have like so much to do with work, so much to do with a writing fellowship that I'm joining. And uh there's just a lot to do so. And plus I'm raising our kids, she's not a very attentive mother. So like I have to do a lot of the work there. And um yeah, so, I mean, it's just, it's the time, it's the stress, it's the money. So that's, that's kind of where we're at on that.

Supporter: It sounds like a difficult time right now. I'm sorry to hear you going through that. I don't mean to be too ""look on the bright side,"" but at least this sounds like something that will be done once it's done. There's an end in sight to the joint tax mess and going forward you'll be able to just focus on your own taxes. It sounds like your heart is in the right place thinking about your kids and keeping them a priority in mind. Keep being a good dad and cultivating good times and good memories with your kids. You can do this. You've got this.
",4,4,4,4,4,5,6,2,4
5c0fcccc1f6f150001487111,"Seeker: So the complex situation that I'm dealing with is in regard to my 16 year old son. So he is autistic and he has a history of some pretty severe health issues. He had leukemia when he was 5.5. And because of the treatment, he actually now has a tracheostomy, we are trying to decide what the right course of action is with him. We have tried to remove the trache on several different occasions, the last time being about a year ago and it didn't work. So now we are in a situation where we are trying to decide, do we proceed with this or do we just leave the trache in place? And he has a bunch of different studies coming up and he is going to have to have more surgery, which obviously is never a good thing. So that is what I'm dealing with right now, trying to decide what the best course of action is and how to proceed for him.

Supporter: That sounds like a difficult and stressful dilemma. I am not educated on traches or the pros and cons of removing them, so I can't offer informed feedback, but I hope you're able to make a choice that benefits your son, and that his upcoming surgery goes smoothly.",5,6,5,5,5,3,4,1,3
6455616c0fe23ecca70ce1b9,"Seeker: The house that I currently live in has some major structural problems. I have the opportunity to move into a much nicer house. The pros for me moving into the the other house is that it would allow me to take care of another person that needs taken care of and it would lower my current expenses to live there. The problem is that I have a disability that affects my mobility. And if I move to this other house, I will have to go up some very steep stairs to get to my room and that will be very difficult for me. I also need to do major renovations on several rooms in that house before it'll be liable for me. And that will cost me thousands and thousands of dollars. And I'm living on a limited budget right now. If I go ahead and do this and use all that money to make the repairs to the other house, I could be very happy living there. But if something happens to the person who actually owns the house, I could be forced to leave and then lose everything. There's a possibility though that if anything happens to the owner of that house, I may be able to take over the mortgage, but the amount that the mortgage costs is extremely expensive, I could probably afford it, but I'm not positive. So I'm not sure if it would be better for me to stay where I am and try and make repairs to this house, even though I could also possibly lose this house if anything happens to the other person or if I should go ahead and make repairs to the other house and possibly lose everything.

Supporter: After hearing about your housing options it actually seems like you're in a better place, either way, than not. Both options, whether to stay in your current situation or to move have some road bumps, but nothing too extravagant. Yes, both you may have to put money up front, but the outcome of either sound like they would be financially worthy in the end. However if you are asking my opinion, I would say the second option of moving would benefit both you and the person you could potentially help out.
",1,1,1,1,1,2,2,4,3
608bfa04767191aa4d57bfd8,"Seeker: A complex situation that I'm in right now, um, is figuring out how to fix my financial situation and overall it's my fault. Um, because I'm the one that spent the money and it's not like I didn't have the money of savings. Um, but it was money that was supposed to go towards my house. And I just thought that because I was depressed at work because I want to want to be moved to a new area. And I, I had been told for the last six months that I was going to be moved and I, I, they just kept putting it off and making excuses. So it just sent me into a really big depression and I thought spending money on a new bed. Sure, not a problem itself because they spent the money for that, which was a few 1000 then that didn't end up working out. So I had to get a new bed to replace the new bed because I originally got the purple mattress that I didn't like it. I felt like it was comfortable and my husband didn't like it. So we got another mattress and then I had to get a mattress topper. So that's currently the situation that has to do with that on how to fix all that because I, uh, you know, it's kind of complex because I can't add any more hours to the day. Um, and, and I work, I mean, I do jobs on here and then I have a full time job, so I'm doing both, but just to get that money back is the complexity of it. Like, like how do I do that without, you know, it's just gonna take, it's gonna take months, I think so. I mean, you know, look, you know, all I can do, I guess is work on it and such frustration that I, I am I did to myself. So, and that's the complexity of it that I don't know how to make more money to fix the situation. Um, I'm carrying a n besides what I'm trying right now.

Supporter: I know being depressed can lead to financial troubles and financial trouble can lead to us being more depressed. Do what you can to get out of the debt you're currently in. That's all you can do. Try not to stress about it too much and save money as much as you can. Know that you aren't alone and that your husband can help out with the financial burden as well.",3,3,2,2,2,3,3,4,3
59e7477e3e4b5a00016aa4d2,"Seeker: The situation that I'm grappling with is divesting the estate of one of my parents, some of my siblings are not helping out cleaning the house and I don't know whether to include them in the profits from a yard sale that we're going to have. I feel like they do deserve something but they're not helping out in any way. So I'm not sure where to go with that.

Supporter: I think there are different levels of grief and process.  Find something else they might be more comfortable doing
",2,1,1,1,2,2,1,4,2
63f77fef0855adb7fa65873d,"Seeker: I'm currently dealing with a complex situation at my job regarding different software services that would best fit my team going forward. We're up for renewal on a current contract for a current service that has some very clear identifiable gaps that we're looking to solve for. However, the new service that we have does not immediately fill all of the needs that the current system works. So, um trying to balance how to either use both to get approvals for both that to select one versus the other, what sacrifices do we need and what risk to the businesses that put?

Supporter: Understand there are gaps with the current software, but how long will the new software take to get use to and also fill those gaps? Sometimes sales reps will always push the boundary of what possible to get you to sign a contract. 

Is there a way where you can negotiate for the contract with the original software supplier and ask them to see if they can help fill in some of those gaps? Ideally a slow transition from old to new would be better, but that might put the business as risk. 
",3,2,2,2,2,2,1,6,5
6435d9620649d3801b71cc8b,"Seeker: I'm 51 years old and I am not close to my father. I grew up in a divorced family and my dad had custody of me. But growing up in the eighties, being a father in the eighties is a lot different than being a father in the nineties. And I was the first child. So my dad had to work two jobs and I never really got to spend much time with my dad. I spend a lot of time with my grandparents and I think of my grandfather as a dad and I regret in life later in life now that I am not close to my dad the way my, I am close to my son. When I had my son, I wanted to be a better father than what I had in the sense of being around, being there for him. As opposed to when I grew up, my dad was never around. But I also understand that he was never around because he had to work and he was providing an income and putting food on the table. So on one hand, I understand why I'm not close to him, but I also regret not being close to him.

Supporter: You were a child and a relationship requires the effort of two people. There are things your father could've done to make you feel more loved. Even though he was working, he could've at least taken a day off and I'm sure he had holidays off. It's very good that you've made an effort with your child and I'm happy you were able to learn from your experience and use it to positively change your future. I hope one day you'll talk to your dad about how you felt and maybe be able to grow closer, it's never too late. Of course only if that's what you want to do.",4,3,4,4,5,4,Answer: 5,3,5
5f4738bfa043201203a27b4b,"Seeker: Ok. So I'm dealing with grappling with home ownership and if it's really worth the money, um, I know that technically index funds perform better. I don't know if it's better to put money into a house and all the maintenance with it or if it's better to rent and if I'm gonna purchase a house, where am I gonna live? Um, currently I, I rent a house and that's ok, but it doesn't feel like it's a long term solution and I'm just kind of struggling with what to do.

Supporter: I totally understand what you're struggling with. It's hard to know what to do in this situation, and there aren't many trustworthy, reliable resources out there to help. Homeownership certainly has pros and cons, so you should do what's best for you. 
",4,6,5,4,4,4,3,1,3
5850d667b64b9e00017cb722,"Seeker: My car broke down about two weeks ago and I don't have the money to fix it. So I asked my sister about a week ago if I could borrow the money to fix the car. She said yes, but it's been almost a week and she still hadn't, uh, loaned me the money to fix it. So my car sitting out here in the driveway broke down. I have no way to go anywhere and I'm frustrated because my sister has plenty of money and it wouldn't be no skin off her back to loan it to me or give it to me as far as that. But, uh, so far she hadn't because she's a control freak and she likes to control people with her money. It gets frustrating. I've never asked her for no money before, but I broke down and asked her because my car is broke down and I have no other way to get it fixed besides asking her for the money. It's frustrating. I don't know what else to today. So that's about, that's my story.

Supporter: I'm really sorry to hear abut your car breaking down. That's a rough spot to be in, and I have definitely been there   it's especially frustrating when you have family who do have the money to help out, but they won't do it, for whatever their own reason is. I really hope you can get the money to get your car fixed soon, either from your sister or from someone else! 
",5,6,6,5,6,6,5,1,5
60fd080d5476f4a77211bafb,"Seeker: My husband and I are trying to decide whether or not we should buy a house when our current lease ends. It's a really difficult decision obviously right now because interest rates are so high. So it, I'm not sure and he's not sure if it makes sense to buy right now since we would have less purchasing power. But I'm in my mid thirties and he's almost 40. So we're worried if we don't do it now that we're kind of, you know, running out of time um to buy a house. Also, we're obviously just throwing away money on a rental that we've been in for a couple of years. So that doesn't make much financial sense either. Uh We also know that interest rates will probably be lower, you know, here in the next year or two, hopefully they'll be lower at least. But it, so in that case, we'll be able to buy a better house or a bigger house. But we're also scared that there might be a bidding war because more people that have also been waiting like us will now want to buy a house. So the situation is just really confusing and it doesn't seem like there's a right answer, um, at this time. So that's frustrating. Obviously, hopefully we come up with an answer soon.

Supporter: That makes a lot of sense. I am sorry you are having such a difficult time deciding what to do.",5,4,5,4,5,4,4,1,2
629668d2eeced89db00b93bf,"Seeker: My situation evolves uncertainty with my career. I'm trying to decide if I need to change positions, change jobs that way I can get more experience in the degree um that I currently have. This is a big decision. So something that I'm currently thinking over and trying to analyze whether it's feasible, whether it's the best decision.

Supporter: Career changes can be difficult and even just changing jobs within the same job industry can be tough. If you feel you need to move on to something else then it is probably for the best.
",3,4,3,3,4,3,4,3,2
56e8bf5a870a8e000b4a8d6e,"Seeker: The complex situation that I'm currently dealing with is the fact that I need a new roof. This one started to leak after a recent storm and it's very noticeable in the kitchen. Currently, the chaotic weather here is a big factor that's causing a sense of urgency with me. I've gotten bids from multiple companies. However, I'm unsure which one I will eventually have to go with. There are a lot of very complicated factors that go into each bid. Some include some features of the roof. Some don't, some are an additional expense that could be unknown until the roof is nearly completed. Each company also has different warranties, different requirements for the warranties. It's just a complicated mess. It's making me feel very unsure about the future, my future, my house's future and the reasons I bought the house to begin with. I'm a little bit frightened too because it reminds me of the house I grew up in which also had a leaky roof in the kitchen. Unfortunately, given the age of the roof, I'm stuck with a lot of unanswered questions for each bid and I just don't really know who to who to go with.

Supporter: The person is confused and overwhelmed with many choices available for her new roof she wants to get.
",2,2,2,3,1,1,2,1,1
60fd462512ad2ae6071668f3,"Seeker: Hello. So, the complex situation that I'm dealing with right now is looking for a job, uh, post graduation. So I started applying, um, started applying to different jobs my second semester of senior year, um, at the beginning of it, I thought there would be enough time. It definitely hasn't. At this point I've applied to. Well, well, over 50 jobs, I've stopped keeping counts. Um, it's been stressing me out a lot. I'm running out of money. Um, and also makes me feel very disappointed because I'm like, you know, why, why did I spend, spend $30,000 getting a degree if I can't even get a job with it? And the whole reason why I got the degree was so that I could get a job. Um, yeah, I've been using different kinds of jobs, job boards. Indeed. Linkedin zip recruiter, literally anything I can get my hands on. Um, and out of the fifth jobs that I've applied to, I've maybe gotten four interviews and I've been rejected from all of them. And again, it's disappointing because I also do have a lot of experience in the field that I'm trying to go in. So it makes me think there's a lot of competition or, it just makes me think that I'm not competent.

Supporter: I know it is frustrating to go to school and then get your degree but be unable to get a job.  I would keep at it, you will get a job eventually!",2,2,3,2,3,3,3,2,2
6387db71396bd54b2e9fcd09,"Seeker: So the, the situation I've been dealing with recently is I am a board member of a nonprofit. And the executive director that we've had for 15 years is, has been absolutely stellar. No, nobody's perfect, but he has built the institution. He's built our reputation. He's hired wonderful staff and yeah, yeah, just the last year or two as he's been approaching retirement, two things have happened. One is, he's started too many new ventures, assuring us. He can handle it where it's, it's clear he's overextended, won't admit he's tired and he allowed the institution to get ho top heavy with administration. Uh So only a slight downturn in, in, in income was a problem because we are contractually committed to more people than we need to get the job done. So our decision was the, since his retirement, it is approaching that he's become very, very destructive to his successor. Uh Would we ask him to leave a couple of months early? And my, yeah, my, my decision in quandary was uh where it do, do I vote to ask him to leave early or let him play out his contract and retire on schedule?

Supporter: I understand your concern for the non-profit and the executive director. You should do what you feel is best for the nonprofit while allowing the director to maintain his dignity.",2,3,2,2,2,2,2,4,2
5e84f020507cd30b367b2624,"Seeker: The complex situation that I am grappling with is that my spouse has a chronic illness which involves her being immunocompromised. Therefore, it greatly limits her exposure to the outside world. And by definition, my exposure to it as well. What I am trying to understand is to what extent can I do normal everyday things, not risky things. I'm not looking to go to busy street festivals or anything, but just to go to museums, to visit friends indoors at their houses, to go to a gymnasium, to work out. To what extent can I do that without endangering my partner? My partner is taking a very rigid approach to this, but this is uh this is a struggle for me trying to figure out how to handle this.

Supporter: I completely understand where you're coming from. I have gone through similar experiences in my life, and I can see both sides of the situation. Yes, it concerns your partner's health, but you also have to prioritize your own happiness and freedom. I believe there are steps you can take to minimize risk. Ensure that no members of a household you visit are sick, attend gym and other outings on slow days where capacity at those places are low. Things like that. Make it known to your partner that you find joy in these things, and in having your own sense of freedom. If they still don't understand, then it's something that needs to be addressed.
",3,4,3,3,3,3,3,5,5
5dab673188c639001080bec6,"Seeker: The situations I'm dealing with involves a new associate who works hard. One of the hardest working associates I have when he comes to work, he comes in late, he calls out sometimes he leaves early association trying to find the best punishment to hopefully get him motivated to come in and work hard.

Supporter: Managing employees can be tough, and I am sorry that you are dealing with this situation. Just because your best employee is good at their job does not make them reliable, and that is frustrating.
",6,6,6,6,7,5,5,1,4
5fdfab734a329d034b0ea666,"Seeker: Uh, something that I'm dealing with is actually work related. I feel like my supervisor has some sort of vendetta against me. Um, I have a few times been ignored when asking questions related to doing my job properly. Um, I have been looked over and I'm not really sure where it's coming from. You know, I pretty much in any of the chit chat or anything that goes on there. So I'm kind of confused on what I should do about it. Like, should I take it up with a higher up? Should I just let it slide? Hm. I don't know. So that's something I'm battling with.

Supporter: I understand where your coming from, I think you should ask your supervisor why he or she is ignoring you and if they refuse to answer then go to a higher up and file a complaint about said supervisor.
",2,2,2,2,2,2,1,7,2
5ee5e3b02eebe932ee9559c5,"Seeker: Right now, I'm grappling with a complex situation regarding my job. I've been working at the same job for about five plus years now and while it does pay good and I'm good at doing the job, I've been, uh, pretty jaded over the past few months about, uh, really my lack of advancement at the company, uh, which is probably going to exist for, uh, quite a while now. Um, I really just want to explore, uh, something new, a different career path and it's something that's, uh, pretty difficult and pretty scary to quit. One job that gives me a, a stable, uh, say stable wage and transitioning to another job. It may take a while to even, uh, get another job in the current job market. Um, so that's definitely a situation that's, uh, pretty complex. A lot of moving parts and something that I've been, uh, grappling with for some time now.

Supporter: That is a tough situation.  That must be a hard thing to wrestle with all the time. I think there are definitely ways to make your dream come true, but in a safe way.  You could create a plan for yourself with action steps to help get it out of your head and on paper.  Then you could look at each step that you would need to take and see how feasible it would be.  Talking to a trusted friend or someone that is already working in the field would help as well.  
",4,4,4,3,5,4,4,6,5
62cbf51439a76e8fccd8a495,"Seeker: My sister died, um, really too soon. And it's was traumatic on everybody and especially her sons and the one son, as much as we try to help him just kind of went crazy and gotten a lot of trouble legally. And he ended up getting arrested and he finally ended up pleading guilty and he's got mental health issues. So they're letting him live at home under like house arrest for his entire sentence. And then he has a more intensive, uh, time seeing like a parole type officer and he's getting a lot of mental health treatment and so forth. But he had to move in with his father who was my sister's ex-husband who does not get along with any of the family. So now my nephew is there, he's not responding to phone calls. I believe his father is in charge of his phone and has the numbers all blocked and we have no way to communicate. We know if we send letters and so forth, they don't reach him and being his sentence is for, um, almost three years, we don't know what to do. My mother's getting older and I'm concerned that she's not ever gonna get to see her grandson again or talk to him and he's, um, just not mentally healthy right now and my mom's older and she just cries and cries.

Supporter: That's a really tough situation. It's hard not to be able so see someone that you love, and not know whether they're safe or not. Hopefully in the near future you will be able to contact your nephew and get in touch with him.
",4,4,5,4,5,4,3,1,3
63d1834e69a637cd32f16634,"Seeker: Right now, I'm really struggling to try to figure out how to find the time to go back to school. I'm juggling a couple part time jobs and I'm not really making it financially. I do have a family too and I'm going to be taking programming classes. It's kind of like a coding boot camp and I'm hoping that that will help me build some skills to land a better job. But I'm very nervous about being able to pull it off. So I feel like just working, you know, a couple of part time jobs that are pretty flexible. I'm already having a really difficult time, you know, just taking care of stuff, taking care of my family and doing what I have to do right now. I'm really worried about being able to find the time to actually pull off this, you know, this training school program that I want. You know, I feel like I might fail because I'm not gonna be able to devote enough time to it. And it's very nerve wracking because it's super important that I accomplish this

Supporter: It makes sense that you're feeling overwhelmed by all of this. You are juggling a lot at the moment and that is not easy to do. It sounds as though you have a great plan in place to take some programming classes to help your financial situation long term. It can be scary to take that first step into the unknown but so often it pays off. Good luck with it all.
",6,6,7,6,6,6,5,2,4
609122350e5b8e743ab41f79,"Seeker: My dad is getting older and he lives many states away and I can't afford to go visit him. But I'm afraid that he's gonna pass before I get a chance to go and see him again. So I'm wondering if there's some way I can try to save up money to go and visit or whatever. But at the same time, things are really hard right now financially, um, where we live is pretty high cost of living and, you know, we've had some hard times because of the pandemic. So, you know, I know it's like money is and everything and, um, you can't take it with you when you go and I know that if he passes, I'll regret it for not going to visit him. But I just don't know how I can manage it.

Supporter: That is unfortunate and I can definitely understand the situation. It's sad when distance separates people because as you said it can be very difficult logistically or financially to go see them. My best advice would be to make sure that you still do spend plenty of time with them remotely on phone calls and the like and try to save money in a special fund to go see him.
",3,3,3,3,3,3,3,5,3
